{
  "training_date": "2026-01-18T10:53:00.351138",
  "total_samples": 5500,
  "train_samples": 4400,
  "test_samples": 1100,
  "feature_count": 35,
  "class_distribution": {
    "0": 2881,
    "1": 2619
  },
  "models": {
    "random_forest": {
      "test_accuracy": 0.9818181818181818,
      "cv_accuracy_mean": 0.9779545454545454,
      "cv_accuracy_std": 0.0037067060068863783,
      "roc_auc": 0.997916004028838
    },
    "gradient_boosting": {
      "test_accuracy": 0.9918181818181818,
      "roc_auc": 0.9997415712468194
    }
  }
}